Workbook

Sheet Total Winnings
A1: Owners | B1: Wins | C1: Loss | D1: Tie | E1: Win % | F1: 2016 | G1: 2017 | H1: 2018 | I1: 2019 | J1: 2020 | K1: 2021 | L1: 2022 | M1: 2023 | N1: 2024 | O1: 2025 | P1: 2026 | Q1: Total
A2: Marian | B2: 52 | C2: 33 | D2: 0 | E2: =(Table3[[#This Row],[Wins]]/(Table3[[#This Row],[Wins]]+Table3[[#This Row],[Loss]]+Table3[[#This Row],[Tie]])) -> 0.61176471 | F2: 0 | G2: 0 | H2: 0 | I2: 700 | J2: =750+150 -> 900 | K2: 870 | L2: =787.5+875 -> 1662.5 | M2: ='2023'!N2 -> 100 | N2: ='2024'!N2 -> 750 | O2: ='2025'!N2 -> 100 | Q2: =SUM(F2:N2) -> 4982.5
A3: Cory | B3: 49 | C3: 36 | D3: 1 | E3: =(Table3[[#This Row],[Wins]]/(Table3[[#This Row],[Wins]]+Table3[[#This Row],[Loss]]+Table3[[#This Row],[Tie]])) -> 0.56976744 | F3: 200 | G3: =375+62.5 -> 437.5 | H3: =450+75 -> 525 | I3: 0 | J3: 1050 | K3: =362.5+145 -> 507.5 | L3: 0 | M3: ='2023'!N3 -> 400 | N3: ='2024'!N3 -> 400 | O3: ='2025'!N3 -> 0 | Q3: =SUM(F3:N3) -> 3520
A4: David | B4: 51 | C4: 34 | D4: 0 | E4: =(Table3[[#This Row],[Wins]]/(Table3[[#This Row],[Wins]]+Table3[[#This Row],[Loss]]+Table3[[#This Row],[Tie]])) -> 0.6 | F4: 300 | G4: 250 | H4: 0 | I4: 250 | J4: 250 | K4: 0 | L4: 437.5 | M4: ='2023'!N5 -> 800 | N4: ='2024'!N5 -> 950 | O4: ='2025'!N5 -> 800 | Q4: =SUM(F4:N4) -> 3237.5
A5: Michael | B5: 42 | C5: 43 | D5: 0 | E5: =(Table3[[#This Row],[Wins]]/(Table3[[#This Row],[Wins]]+Table3[[#This Row],[Loss]]+Table3[[#This Row],[Tie]])) -> 0.49411765 | F5: =125+225 -> 350 | G5: 0 | H5: 0 | I5: 850 | J5: 0 | K5: 0 | L5: 0 | M5: ='2023'!N6 -> 1050 | N5: ='2024'!N6 -> 100 | O5: ='2025'!N6 -> 1325 | Q5: =SUM(F5:N5) -> 2350
A6: Bates | B6: 36 | C6: 49 | D6: 0 | E6: =(Table3[[#This Row],[Wins]]/(Table3[[#This Row],[Wins]]+Table3[[#This Row],[Loss]]+Table3[[#This Row],[Tie]])) -> 0.42352941 | F6: 0 | G6: 0 | H6: =150+337.5 -> 487.5 | I6: 0 | J6: 300 | K6: =580+652.5 -> 1232.5 | L6: 0 | M6: ='2023'!N4 -> 100 | N6: ='2024'!N4 -> 0 | O6: ='2025'!N4 -> 875 | Q6: =SUM(F6:N6) -> 2120
A7: Dylan | B7: 41 | C7: 44 | D7: 0 | E7: =(Table3[[#This Row],[Wins]]/(Table3[[#This Row],[Wins]]+Table3[[#This Row],[Loss]]+Table3[[#This Row],[Tie]])) -> 0.48235294 | F7: 0 | G7: =125+281.25 -> 406.25 | H7: 187.5 | I7: 0 | J7: 0 | K7: 0 | L7: 350 | M7: ='2023'!N8 -> 550 | N7: ='2024'!N8 -> 100 | O7: ='2025'!N8 -> 100 | Q7: =SUM(F7:N7) -> 1593.75
A8: Sam | B8: 37 | C8: 48 | D8: 0 | E8: =(Table3[[#This Row],[Wins]]/(Table3[[#This Row],[Wins]]+Table3[[#This Row],[Loss]]+Table3[[#This Row],[Tie]])) -> 0.43529412 | F8: 0 | G8: 0 | H8: 0 | I8: 0 | J8: 0 | K8: 0 | L8: 1050 | M8: ='2023'!N7 -> 200 | N8: ='2024'!N7 -> 0 | O8: ='2025'!N7 -> 0 | Q8: =SUM(F8:N8) -> 1250
A9: Jeremy | B9: 40 | C9: 45 | D9: 0 | E9: =(Table3[[#This Row],[Wins]]/(Table3[[#This Row],[Wins]]+Table3[[#This Row],[Loss]]+Table3[[#This Row],[Tie]])) -> 0.47058824 | F9: 0 | G9: 156.25 | H9: 0 | I9: 200 | J9: 0 | K9: 290 | L9: 0 | M9: ='2023'!N9 -> 200 | N9: ='2024'!N9 -> 900 | O9: ='2025'!N9 -> 600 | Q9: =SUM(F9:N9) -> 1746.25
A10: Richard | B10: 36 | C10: 49 | D10: 0 | E10: =(Table3[[#This Row],[Wins]]/(Table3[[#This Row],[Wins]]+Table3[[#This Row],[Loss]]+Table3[[#This Row],[Tie]])) -> 0.42352941 | F10: 150 | G10: 0 | H10: 300 | I10: 0 | J10: 0 | K10: 0 | L10: 0 | M10: ='2023'!N10 -> 100 | N10: ='2024'!N10 -> 200 | O10: ='2025'!N10 -> 200 | Q10: =SUM(F10:N10) -> 750
A11: Justin | B11: 41 | C11: 43 | D11: 1 | E11: =(Table3[[#This Row],[Wins]]/(Table3[[#This Row],[Wins]]+Table3[[#This Row],[Loss]]+Table3[[#This Row],[Tie]])) -> 0.48235294 | F11: 0 | G11: 0 | H11: 0 | I11: 0 | J11: 0 | K11: 0 | L11: 0 | M11: ='2023'!N11 -> 0 | N11: ='2024'!N11 -> 600 | O11: ='2025'!N11 -> 0 | Q11: =SUM(F11:N11) -> 600
A12: Total | F12: =SUBTOTAL(109,Table3[2016]) -> 1000 | G12: =SUBTOTAL(109,Table3[2017]) -> 1250 | H12: =SUBTOTAL(109,Table3[2018]) -> 1500 | I12: =SUBTOTAL(109,Table3[2019]) -> 2000 | J12: =SUBTOTAL(109,Table3[2020]) -> 2500 | K12: =SUBTOTAL(109,Table3[2021]) -> 2900 | L12: =SUBTOTAL(109,Table3[2022]) -> 3500 | M12: =SUBTOTAL(109,Table3[2023]) -> 3500 | N12: =SUBTOTAL(109,Table3[2024]) -> 4000 | O12: =SUBTOTAL(109,Table3[2025]) -> 4000 | Q12: =SUBTOTAL(109,Table3[Total]) -> 22150

Sheet Payments
A1: Owner | B1: 2026 ($400) | C1: 2027 ($400)
A2: Cory | B2: 0
A3: Marian | B3: 0
A4: Dave | B4: =550-175 -> 375
A5: Bates | B5: -400
A6: Michael | B6: -400
A7: Richard | B7: -400
A8: Jeremy | B8: -400
A9: Justin | B9: -400
A10: Sam | B10: -400
A11: Dylan | B11: -400
A12: Total | B12: =SUBTOTAL(109,Table1[2026 ($400)]) -> -2425

Sheet Votes
A2: 1 | B2: Increase Buyin to $500?
A3: 2 | B3: Keep Keeper rules the same?
A4: 3 | B4: Change Payout percentages?
A5: 4
A6: 5
A7: 6
A8: 7
A9: 8
A10: 9
A11: 10

Sheet Rules-Roster
A1: RULES *All rule changes approved by 6 votes *Retain 3 keepers from previous year *Draft Order- Reverse Standing from previous year *Last Place pays for winner plaque *Owners MUST set lineup or be kicked out (1 Warning) *ALL Trades pending approval (5 votes denies trade) *Any trade involving draft picks must swap picks within 1 round of eachother *Tie Breaker = Total Points *$100 Payout to weekly high point (Regular Season ONLY)
A10: Scoring | E10: Roster Comp
A11: Passing Yard | B11: 25yds=1pt | C11: FG (0-49yd) | D11: 3 | E11: QB | F11: 1
A12: Passing TD | B12: 6 | C12: FG(50+) | D12: 5 | E12: RB | F12: 2
A13: 2pt Conversion | B13: 2 | C13: PAT Made | D13: 1 | E13: WR | F13: 2
A14: Interception | B14: -2 | C14: PAT Miss | D14: -1 | E14: WR/RB/TE | F14: 1
E15: Def | F15: 1
A16: Rushing Yard | B16: 0.1 | C16: TD | D16: 6 | E16: Kicker | F16: 1
A17: Rushing TD | B17: 6 | C17: 0 Points | D17: 10 | E17: Bench | F17: 6
A18: 2pt Conversion | B18: 2 | C18: 1 to 6 | D18: 7 | E18: IR | F18: 1
C19: 7 to 13 | D19: 4
A20: Reception | B20: 0.5 | C20: 14 to 20 | D20: 1
A21: Receiving Yards | B21: 0.1 | C21: 28 to 34 | D21: 1
A22: Receiving TD | B22: 6 | C22: 35+ | D22: -4
C23: Sacks | D23: 1
A24: Fumble Lost | B24: -2 | C24: Interception | D24: 2
C25: Fumble recovery | D25: 2
C26: Safety | D26: 2

Sheet 2027
A1: 2027 ($400) | E1: $ Allocation | K1: Weekly Winnings | L1: Regular Season | M1: Playoffs | N1: Total
A2: Regular Season | E2: Total Pot | F2: 4000 | G2: Weeks | H2: 15 | J2: Marian | N2: =SUM(K2:M2) -> 0
A3: 1st | B3: 0.1 | C3: =F4*B3 -> 250 | E3: Weekly Payouts | F3: =H2*H3 -> 1500 | G3: $ Per Week | H3: 100 | J3: Cory | N3: =SUM(K3:M3) -> 0
A4: 2nd | B4: 0.05 | C4: =F4*B4 -> 125 | E4: Remaining | F4: =F2-F3 -> 2500 | G4: % | H4: =B3+B4+B6+B7+B8+B9 -> 1 | J4: Bates | N4: =SUM(K4:M4) -> 0
A5: Playoffs | E5: Weekly Payouts | J5: David | N5: =SUM(K5:M5) -> 0
A6: 1st | B6: 0.27 | C6: =F4*B6 -> 675 | E6: 1 | J6: Michael | N6: =SUM(K6:M6) -> 0
A7: 2nd | B7: 0.22 | C7: =F4*B7 -> 550 | E7: 2 | J7: Sam | N7: =SUM(K7:M7) -> 0
A8: 3rd | B8: 0.2 | C8: =F4*B8 -> 500 | E8: 3 | J8: Dylan | N8: =SUM(K8:M8) -> 0
A9: 4th | B9: 0.16 | C9: =F4*B9 -> 400 | E9: 4 | J9: Jeremy | N9: =SUM(K9:M9) -> 0
A10: Draft Order | C10: Regular Season Standings | E10: 5 | J10: Richard | N10: =SUM(K10:M10) -> 0
A11: 1st | C11: 1st | E11: 6 | J11: Justin | N11: =SUM(K11:M11) -> 0
A12: 2nd | C12: 2nd | E12: 7 | K12: =SUM(K2:K11) -> 0 | L12: =SUM(L2:L11) -> 0 | M12: =SUM(M2:M11) -> 0 | N12: =SUM(N2:N11) -> 0
A13: 3rd | C13: 3rd | E13: 8
A14: 4th | C14: 4th | E14: 9
A15: 5th | C15: 5th | E15: 10
A16: 6th | C16: 6th | E16: 11
A17: 7th | C17: 7th | E17: 12
A18: 8th | C18: 8th | E18: 13
A19: 9th | C19: 9th | E19: 14
A20: 10th | C20: 10th | E20: 15

Sheet 2026
A1: 2026 ($400) | E1: $ Allocation | K1: Weekly Winnings | L1: Regular Season | M1: Playoffs | N1: Total
A2: Regular Season | E2: Total Pot | F2: 4000 | G2: Weeks | H2: 15 | J2: Marian | N2: =SUM(K2:M2) -> 0
A3: 1st | B3: 0.1 | C3: =F4*B3 -> 250 | E3: Weekly Payouts | F3: =H2*H3 -> 1500 | G3: $ Per Week | H3: 100 | J3: Cory | N3: =SUM(K3:M3) -> 0
A4: 2nd | B4: 0.05 | C4: =F4*B4 -> 125 | E4: Remaining | F4: =F2-F3 -> 2500 | G4: % | H4: =B3+B4+B6+B7+B8+B9 -> 1 | J4: Bates | N4: =SUM(K4:M4) -> 0
A5: Playoffs | E5: Weekly Payouts | J5: David | N5: =SUM(K5:M5) -> 0
A6: 1st | B6: 0.27 | C6: =F4*B6 -> 675 | E6: 1 | J6: Michael | N6: =SUM(K6:M6) -> 0
A7: 2nd | B7: 0.23 | C7: =F4*B7 -> 575 | E7: 2 | J7: Sam | N7: =SUM(K7:M7) -> 0
A8: 3rd | B8: 0.19 | C8: =F4*B8 -> 475 | E8: 3 | J8: Dylan | N8: =SUM(K8:M8) -> 0
A9: 4th | B9: 0.16 | C9: =F4*B9 -> 400 | E9: 4 | J9: Jeremy | N9: =SUM(K9:M9) -> 0
A10: Draft Order | C10: Regular Season Standings | E10: 5 | J10: Richard | N10: =SUM(K10:M10) -> 0
A11: 1st | B11: Richard | C11: 1st | E11: 6 | J11: Justin | N11: =SUM(K11:M11) -> 0
A12: 2nd | B12: Sam | C12: 2nd | E12: 7 | K12: =SUM(K2:K11) -> 0 | L12: =SUM(L2:L11) -> 0 | M12: =SUM(M2:M11) -> 0 | N12: =SUM(N2:N11) -> 0
A13: 3rd | B13: Justin | C13: 3rd | E13: 8
A14: 4th | B14: Cory | C14: 4th | E14: 9
A15: 5th | B15: Marian | C15: 5th | E15: 10
A16: 6th | B16: Dylan | C16: 6th | E16: 11
A17: 7th | B17: Jeremy | C17: 7th | E17: 12
A18: 8th | B18: David | C18: 8th | E18: 13
A19: 9th | B19: Bates | C19: 9th | E19: 14
A20: 10th | B20: Hagen | C20: 10th | E20: 15

Sheet 2025
A1: 2025 ($400) | E1: $ Allocation | K1: Weekly Winnings | L1: Regular Season | M1: Playoffs | N1: Total
A2: Regular Season | E2: Total Pot | F2: 4000 | G2: Weeks | H2: 15 | J2: Marian | K2: 100 | L2: 0 | M2: 0 | N2: =SUM(K2:M2) -> 100
A3: 1st | B3: 0.1 | C3: =F4*B3 -> 250 | D3: Hagen | E3: Weekly Payouts | F3: =H2*H3 -> 1500 | G3: $ Per Week | H3: 100 | J3: Cory | K3: 0 | L3: 0 | M3: 0 | N3: =SUM(K3:M3) -> 0
A4: 2nd | B4: 0.05 | C4: =F4*B4 -> 125 | D4: Bates | E4: Remaining | F4: =F2-F3 -> 2500 | G4: % | H4: =B3+B4+B6+B7+B8+B9 -> 1 | J4: Bates | K4: 200 | L4: 125 | M4: 550 | N4: =SUM(K4:M4) -> 875
A5: Playoffs | E5: Weekly Payouts | J5: David | K5: 300 | L5: 0 | M5: 500 | N5: =SUM(K5:M5) -> 800
A6: 1st | B6: 0.27 | C6: =F4*B6 -> 675 | D6: Hagen | E6: 1 | F6: David | J6: Michael | K6: 400 | L6: 250 | M6: 675 | N6: =SUM(K6:M6) -> 1325
A7: 2nd | B7: 0.22 | C7: =F4*B7 -> 550 | D7: Bates | E7: 2 | F7: Jeremy | J7: Sam | K7: 0 | L7: 0 | M7: 0 | N7: =SUM(K7:M7) -> 0
A8: 3rd | B8: 0.2 | C8: =F4*B8 -> 500 | D8: David | E8: 3 | F8: Hagen | J8: Dylan | K8: 100 | L8: 0 | M8: 0 | N8: =SUM(K8:M8) -> 100
A9: 4th | B9: 0.16 | C9: =F4*B9 -> 400 | D9: Jeremy | E9: 4 | F9: Dylan | J9: Jeremy | K9: 200 | L9: 0 | M9: 400 | N9: =SUM(K9:M9) -> 600
A10: Draft Order | C10: Regular Season Standings | E10: 5 | F10: Hagen | J10: Richard | K10: 200 | L10: 0 | M10: 0 | N10: =SUM(K10:M10) -> 200
A11: 1st | B11: Sam | C11: 1st | D11: Hagen | E11: 6 | F11: David | J11: Justin | K11: 0 | L11: 0 | M11: 0 | N11: =SUM(K11:M11) -> 0
A12: 2nd | B12: Bates | C12: 2nd | D12: Bates | E12: 7 | F12: Richard | K12: =SUM(K2:K11) -> 1500 | L12: =SUM(L2:L11) -> 375 | M12: =SUM(M2:M11) -> 2125 | N12: =SUM(N2:N11) -> 4000
A13: 3rd | B13: Hagen | C13: 3rd | D13: Jeremy | E13: 8 | F13: Jeremy
A14: 4th | B14: Dylan | C14: 4th | D14: David | E14: 9 | F14: Hagen
A15: 5th | B15: Richard | C15: 5th | D15: Dylan | E15: 10 | F15: Bates
A16: 6th | B16: Cory | C16: 6th | D16: Marian | E16: 11 | F16: Hagen
A17: 7th | B17: David | C17: 7th | D17: Cory | E17: 12 | F17: Bates
A18: 8th | B18: Justin | C18: 8th | D18: Justin | E18: 13 | F18: Richard
A19: 9th | B19: Marian | C19: 9th | D19: Sam | E19: 14 | F19: David
A20: 10th | B20: Jeremy | C20: 10th | D20: Richard | E20: 15 | F20: Marian

Sheet 2024
A1: 2024 ($400) | E1: $ Allocation | K1: Weekly Winnings | L1: Regular Season | M1: Playoffs | N1: Total
A2: Regular Season | E2: Total Pot | F2: 4000 | G2: Weeks | H2: 15 | J2: Marian | K2: 200 | L2: 0 | M2: 550 | N2: =SUM(K2:M2) -> 750
A3: 1st | B3: 0.1 | C3: =F4*B3 -> 250 | D3: David | E3: Weekly Payouts | F3: =H2*H3 -> 1500 | G3: $ Per Week | H3: 100 | J3: Cory | K3: 400 | L3: 0 | M3: 0 | N3: =SUM(K3:M3) -> 400
A4: 2nd | B4: 0.05 | C4: =F4*B4 -> 125 | D4: Jeremy | E4: Remaining | F4: =F2-F3 -> 2500 | G4: % | H4: =B3+B4+B6+B7+B8+B9 -> 1 | J4: Bates | K4: 0 | L4: 0 | M4: 0 | N4: =SUM(K4:M4) -> 0
A5: Playoffs | E5: Weekly Payouts | J5: David | K5: 300 | L5: 250 | M5: 400 | N5: =SUM(K5:M5) -> 950
A6: 1st | B6: 0.27 | C6: =F4*B6 -> 675 | D6: Jeremy | E6: 1 | F6: Richard | J6: Michael | K6: 100 | L6: 0 | M6: 0 | N6: =SUM(K6:M6) -> 100
A7: 2nd | B7: 0.22 | C7: =F4*B7 -> 550 | D7: Marian | E7: 2 | F7: Marian | J7: Sam | K7: 0 | L7: 0 | M7: 0 | N7: =SUM(K7:M7) -> 0
A8: 3rd | B8: 0.2 | C8: =F4*B8 -> 500 | D8: Justin | E8: 3 | F8: Cory | J8: Dylan | K8: 100 | L8: 0 | M8: 0 | N8: =SUM(K8:M8) -> 100
A9: 4th | B9: 0.16 | C9: =F4*B9 -> 400 | D9: David | E9: 4 | F9: David | J9: Jeremy | K9: 100 | L9: 125 | M9: 675 | N9: =SUM(K9:M9) -> 900
A10: Draft Order | C10: Regular Season Standings | E10: 5 | F10: Cory | J10: Richard | K10: 200 | L10: 0 | M10: 0 | N10: =SUM(K10:M10) -> 200
A11: 1st | B11: Jeremy | C11: 1st | D11: David | E11: 6 | F11: Richard | J11: Justin | K11: 100 | L11: 0 | M11: 500 | N11: =SUM(K11:M11) -> 600
A12: 2nd | B12: Bates | C12: 2nd | D12: Jeremy | E12: 7 | F12: Dylan | K12: =SUM(K2:K11) -> 1500 | L12: =SUM(L2:L11) -> 375 | M12: =SUM(M2:M11) -> 2125 | N12: =SUM(N2:N11) -> 4000
A13: 3rd | B13: Richard | C13: 3rd | D13: Justin | E13: 8 | F13: Marian
A14: 4th | B14: Justin | C14: 4th | D14: Marian | E14: 9 | F14: Jeremy
A15: 5th | B15: Ben | C15: 5th | D15: Cory | E15: 10 | F15: Cory
A16: 6th | B16: Marian | C16: 6th | D16: Richard | E16: 11 | F16: Hagen
A17: 7th | B17: David | C17: 7th | D17: Dylan | E17: 12 | F17: Justin
A18: 8th | B18: Cory | C18: 8th | D18: Hagen | E18: 13 | F18: David
A19: 9th | B19: Dylan | C19: 9th | D19: Bates | E19: 14 | F19: Cory
A20: 10th | B20: Hagen | C20: 10th | D20: Sam | E20: 15 | F20: David

Sheet 2023
A1: 2023 ($350) | E1: Payouts | K1: Weekly Winnings | L1: Regular Season | M1: Playoffs | N1: Total | O1: Bets
A2: Regular Season | E2: Total Pot | F2: 3500 | G2: Weeks | H2: 15 | J2: Marian | K2: 100 | L2: 0 | M2: 0 | N2: =SUM(K2:M2) -> 100 | O2: 22.5
A3: 1st | B3: 0.1 | C3: =F4*B3 -> 200 | D3: Hagen | E3: Weekly Payouts | F3: =H2*H3 -> 1500 | G3: $ Per Week | H3: 100 | J3: Cory | K3: 0 | L3: 0 | M3: 400 | N3: =SUM(K3:M3) -> 400
A4: 2nd | B4: 0.05 | C4: =F4*B4 -> 100 | D4: David | E4: Remaining | F4: =F2-F3 -> 2000 | G4: % | H4: =B3+B4+B6+B7+B8+B9 -> 1 | J4: Bates | K4: 100 | L4: 0 | M4: 0 | N4: =SUM(K4:M4) -> 100
A5: Playoffs | E5: Weekly Payouts | J5: David | K5: 400 | L5: 100 | M5: 300 | N5: =SUM(K5:M5) -> 800
A6: 1st | B6: 0.275 | C6: =F4*B6 -> 550 | D6: Hagen | E6: 1 | F6: David | J6: Michael | K6: 300 | L6: 200 | M6: 550 | N6: =SUM(K6:M6) -> 1050
A7: 2nd | B7: 0.225 | C7: =F4*B7 -> 450 | D7: Dylan | E7: 2 | F7: Hagen | J7: Sam | K7: 200 | L7: 0 | M7: 0 | N7: =SUM(K7:M7) -> 200
A8: 3rd | B8: 0.2 | C8: =F4*B8 -> 400 | D8: Cory | E8: 3 | F8: Marian | J8: Dylan | K8: 100 | L8: 0 | M8: 450 | N8: =SUM(K8:M8) -> 550
A9: 4th | B9: 0.15 | C9: =F4*B9 -> 300 | D9: David | E9: 4 | F9: David | J9: Jeremy | K9: 200 | L9: 0 | M9: 0 | N9: =SUM(K9:M9) -> 200
A10: Draft Order | C10: Regular Season Standings | E10: 5 | F10: Richard | J10: Richard | K10: 100 | L10: 0 | M10: 0 | N10: =SUM(K10:M10) -> 100
A11: 1st | B11: Richard | C11: 1st | D11: Hagen | E11: 6 | F11: Dylan | J11: Justin | K11: 0 | L11: 0 | M11: 0 | N11: =SUM(K11:M11) -> 0
A12: 2nd | B12: Bates | C12: 2nd | D12: David | E12: 7 | F12: David | J12: Total | K12: =SUM(K2:K11) -> 1500 | L12: =SUM(L2:L11) -> 300 | M12: =SUM(M2:M11) -> 1700 | N12: =SUM(N2:N11) -> 3500
A13: 3rd | B13: Michael | C13: 3rd | D13: Dylan | E13: 8 | F13: Hagen
A14: 4th | B14: Jeremy | C14: 4th | D14: Cory | E14: 9 | F14: Jeremy
A15: 5th | B15: Cory | C15: 5th | D15: Marian | E15: 10 | F15: Sam
A16: 6th | B16: Justin | C16: 6th | D16: Sam | E16: 11 | F16: Bates
A17: 7th | B17: Dylan | C17: 7th | D17: Justin | E17: 12 | F17: Jeremy
A18: 8th | B18: David | C18: 8th | D18: Richard | E18: 13 | F18: Sam
A19: 9th | B19: Sam | C19: 9th | D19: Bates | E19: 14 | F19: David
A20: 10th | B20: Marian | C20: 10th | D20: Jeremy | E20: 15 | F20: Hagen
A21: TRADES

Sheet 2022
A1: 2022 ($350) | E1: 3500
A2: Regular Season | E2: Marian | F2: =787.5+875 -> 1662.5
A3: 1st | B3: 0.225 | C3: =E1*B3 -> 787.5 | D3: Marian | E3: Sam | F3: =175+875 -> 1050
A4: 2nd | B4: 0.05 | C4: =E1*B4 -> 175 | D4: Sam | E4: David | F4: 437.5
A5: Playoffs | E5: Dyaln | F5: 350
A6: 1st | B6: 0.3 | C6: =E1*B6 -> 1050 | D6: Marian/Sam | E6: Total | F6: =SUM(F2:F5) -> 3500
A7: 2nd | B7: 0.2 | C7: =E1*B7 -> 700 | D7: Marian/Sam
A8: 3rd | B8: 0.125 | C8: =B8*E1 -> 437.5 | D8: David
A9: 4th | B9: 0.1 | C9: =E1*B9 -> 350 | D9: Dylan
A10: Draft Order | C10: Regular Season Standings
A11: 1st | B11: Richard | C11: 1st | D11: Marian
A12: 2nd | B12: Dylan | C12: 2nd | D12: Sam
A13: 3rd | B13: David | C13: 3rd | D13: David
A14: 4th | B14: Justin | C14: 4th | D14: Dylan
A15: 5th | B15: Sam | C15: 5th | D15: Justin
A16: 6th | B16: Michael | C16: 6th | D16: Cory
A17: 7th | B17: Jeremy | C17: 7th | D17: Jeremy
A18: 8th | B18: Cory | C18: 8th | D18: Michael
A19: 9th | B19: Bates | C19: 9th | D19: Bates
A20: 10th | B20: Marian | C20: 10th | D20: Richard
A21: TRADES *Richard trade 7th Round pick for Cory 8th Round Pick & Cam Akers *Bates trade 6th Round Pick & Tyreek Hill for Sams 5th Round Pick

Sheet 2021
A1: 2021 ($300)
A2: Regular Season
A3: 1st | B3: 0.225 | C3: =3000*B3 -> 675 | D3: Bates
A4: 2nd | B4: 0.05 | C4: =3000*B4 -> 150 | D4: Cory
A5: Playoffs
A6: 1st | B6: 0.3 | C6: =3000*B6 -> 900 | D6: Marian
A7: 2nd | B7: 0.2 | C7: =3000*B7 -> 600 | D7: Bates
A8: 3rd | B8: 0.125 | C8: =3000*B8 -> 375 | D8: Cory
A9: 4th | B9: 0.1 | C9: =3000*B9 -> 300 | D9: Jeremy
A10: Draft Order | C10: Regular Season Standings
A11: 1st | B11: Jeremy | C11: 1st | D11: Bates
A12: 2nd | B12: Michael | C12: 2nd | D12: Cory
A13: 3rd | B13: Sam | C13: 3rd | D13: Marian
A14: 4th | B14: Dylan | C14: 4th | D14: Jeremy
A15: 5th | B15: Richard | C15: 5th | D15: Michael
A16: 6th | B16: Justin | C16: 6th | D16: Sam
A17: 7th | B17: David | C17: 7th | D17: Justin
A18: 8th | B18: Bates | C18: 8th | D18: David
A19: 9th | B19: Cory | C19: 9th | D19: Dylan
A20: 10th | B20: Marian | C20: 10th | D20: Richard

Sheet 2020
A1: 2020 ($250)
A2: Regular Season
A3: 1st | B3: 0.225 | C3: =2500*B3 -> 562.5 | D3: Cory
A4: 2nd | B4: 0.05 | C4: =2500*B4 -> 125 | D4: David
A5: Playoffs
A6: 1st | B6: 0.3 | C6: =2500*B6 -> 750 | D6: Marian
A7: 2nd | B7: 0.2 | C7: =2500*B7 -> 500 | D7: Cory
A8: 3rd | B8: 0.125 | C8: =2500*B8 -> 312.5 | D8: Bates
A9: 4th | B9: 0.1 | C9: =2500*B9 -> 250 | D9: David
A10: Draft Order | C10: Regular Season Standings
A11: 1st | B11: Bates | C11: 1st | D11: Cory
A12: 2nd | B12: Sam | C12: 2nd | D12: David
A13: 3rd | B13: Cory | C13: 3rd | D13: Marian
A14: 4th | B14: Justin | C14: 4th | D14: Bates
A15: 5th | B15: Dylan | C15: 5th | D15: Justin
A16: 6th | B16: Richard | C16: 6th | D16: Richard
A17: 7th | B17: Jeremy | C17: 7th | D17: Dylan
A18: 8th | B18: David | C18: 8th | D18: Sam
A19: 9th | B19: Michael | C19: 9th | D19: Michael
A20: 10th | B20: Marian | C20: 10th | D20: Jeremy

Sheet 2019
A1: 2019 ($200)
A2: Regular Season
A3: 1st | B3: 0.225 | C3: =2000*B3 -> 450 | D3: Michael
A4: 2nd | B4: 0.05 | C4: =2000*B4 -> 100 | D4: Marian
A5: Playoffs
A6: 1st | B6: 0.3 | C6: =2000*B6 -> 600 | D6: Marian
A7: 2nd | B7: 0.2 | C7: =2000*B7 -> 400 | D7: Michael
A8: 3rd | B8: 0.125 | C8: =2000*B8 -> 250 | D8: David
A9: 4th | B9: 0.1 | C9: =2000*B9 -> 200 | D9: Jeremy
A10: Regular Season Standings
A11: 1st | B11: Michael
A12: 2nd | B12: Marian
A13: 3rd | B13: David
A14: 4th | B14: Jeremy
A15: 5th | B15: Richard
A16: 6th | B16: Dylan
A17: 7th | B17: Justin
A18: 8th | B18: Cory
A19: 9th | B19: Sam
A20: 10th | B20: Bates

Sheet 2018
A1: 2018 ($150)
A2: Regular Season
A3: 1st | B3: 0.225 | C3: 337.5 | D3: Bates
A4: 2nd | B4: 0.05 | C4: 75 | D4: Cory
A5: Playoffs
A6: 1st | B6: 0.3 | C6: 450 | D6: Cory
A7: 2nd | B7: 0.2 | C7: 300 | D7: Richard
A8: 3rd | B8: 0.125 | C8: 187.5 | D8: Dylan
A9: 4th | B9: 0.1 | C9: 150 | D9: Bates

Sheet 2017
A1: 2017 ($125)
A2: Regular Season
A3: 1st | B3: 0.225 | C3: =1250*B3 -> 281.25 | D3: Dylan
A4: 2nd | B4: 0.05 | C4: =1250*B4 -> 62.5 | D4: Cory
A5: Playoffs
A6: 1st | B6: 0.3 | C6: =1250*B6 -> 375 | D6: Cory
A7: 2nd | B7: 0.2 | C7: =1250*B7 -> 250 | D7: David
A8: 3rd | B8: 0.125 | C8: =1250*B8 -> 156.25 | D8: Jeremy
A9: 4th | B9: 0.1 | C9: =1250*B9 -> 125 | D9: Dylan

Sheet 2016
A1: 2016 ($100)
A2: Regular Season
A3: 1st | B3: 0.225 | C3: =1000*B3 -> 225 | D3: Michael
A4: 2nd | B4: 0.05 | C4: =1000*B4 -> 50 | D4: Richard
A5: Playoffs
A6: 1st | B6: 0.3 | C6: =1000*B6 -> 300 | D6: David
A7: 2nd | B7: 0.2 | C7: =1000*B7 -> 200 | D7: Cory
A8: 3rd | B8: 0.125 | C8: =1000*B8 -> 125 | D8: Michael
A9: 4th | B9: 0.1 | C9: =1000*B9 -> 100 | D9: Richard

Sheet Sheet2
A1: Teams | C1: Players | E1: Picks
A2: Hagen | C2: Justin Jefferson | E2: Round 4
A3: Cory | C3: Christian Mccafery | E3: Round 5
A4: Jeremy | C4: Ja'Marr Chase | E4: Round 6
A5: Sam | C5: Austin Ekler | E5: Round 7
A6: Bates | C6: Cooper Kupp | E6: Round 8
A7: Justin | C7: Nick Chubb | E7: Round 9
A8: Richard | C8: Tyreek Hill | E8: Round 10
A9: Marian | C9: Travis Kelce | E9: Round 11
A10: David | C10: Saquon Barkley | E10: Round 12
A11: Dylan | C11: Jonathan Taylor | E11: Round 13
C12: Josh Jacobs | E12: Round 14
C13: A.J Brown | E13: Round 15
C14: Derrick Henery
C15: Ceedee Lamb
C16: Stefon Diggs
C17: Davante Adams
C18: Tony Pollard
C19: Rhamondre Stephenson
C20: Amon-Ra St. Brown
C21: Jalen Hurts
C22: Jaylen Waddle
C23: Joe Mixon
C24: Travis Etienne
C25: Breece Hall
... C43: Terry McLaurin
